instance_id,music_genre
48564,Rap
72394,Blues
88081,Rap
78331,Country
72636,Alternative
74228,Blues
39106,Alternative
78829,Country
91469,Country
54558,Blues
44055,Anime
29671,Classical
56323,Rock
54809,Blues
55369,Rap
68566,Rap
53565,Alternative
69565,Country
39014,Rap
28452,Electronic
40219,Blues
41832,Hip-Hop
50963,Blues
58058,Country
41339,Country
25263,Anime
30932,Rap
65113,Blues
43628,Blues
82352,Rap
25868,Electronic
57582,Country
64912,Rap
30690,Blues
58160,Rap
48352,Electronic
32598,Alternative
81733,Electronic
68478,Country
61070,Jazz
87062,Jazz
50604,Alternative
51443,Rock
79739,Country
52375,Electronic
43645,Rock
51950,Blues
62180,Electronic
91491,Rap
57217,Anime
30912,Blues
37289,Rap
58378,Rap
83848,Blues
88071,Anime
78696,Electronic
73721,Rock
21431,Classical
33066,Country
71571,Blues
54360,Country
61237,Anime
43763,Alternative
53222,Rap
24144,Hip-Hop
35526,Blues
79272,Country
28682,Rap
78220,Classical
42113,Country
29197,Electronic
73749,Electronic
76959,Jazz
32662,Country
28240,Blues
78684,Rap
23339,Rock
66580,Electronic
62293,Blues
73224,Blues
63436,Anime
85265,Electronic
49131,Blues
42894,Blues
32778,Blues
88626,Country
20474,Rap
57621,Blues
68702,Alternative
68429,Hip-Hop
48412,Country
31462,Rap
20258,Jazz
80048,Anime
36643,Country
51269,Alternative
36620,Anime
47393,Anime
34229,Blues
27054,Blues
74946,Blues
79753,Classical
78997,Blues
90739,Rap
34604,Electronic
48875,Blues
72374,Rock
84383,Alternative
82285,Alternative
49168,Country
35219,Rap
72531,Blues
37626,Alternative
74540,Electronic
22782,Blues
59663,Rap
65605,Rock
63227,Electronic
27942,Blues
61120,Rap
59041,Rap
67531,Blues
89417,Blues
51652,Blues
23769,Rap
88512,Hip-Hop
69103,Country
25734,Blues
35192,Country
77761,Anime
58002,Rap
27331,Hip-Hop
90879,Rap
66951,Alternative
21111,Country
36583,Blues
69430,Alternative
26846,Rap
54227,Classical
79612,Blues
36250,Blues
71243,Electronic
41033,Classical
58600,Rap
64358,Rap
55882,Electronic
67981,Alternative
78157,Country
39280,Blues
65167,Anime
50033,Rap
34067,Country
71541,Blues
58044,Classical
67611,Rap
88524,Electronic
50007,Rock
36733,Jazz
55966,Alternative
29854,Country
47533,Country
84957,Alternative
27733,Blues
88890,Rock
71105,Rap
87402,Alternative
81300,Jazz
25948,Electronic
30686,Rock
27597,Classical
46658,Electronic
33241,Blues
34855,Rap
39290,Country
61297,Rap
79393,Rap
85447,Country
24779,Classical
21888,Alternative
22450,Rap
21637,Blues
76444,Alternative
34627,Anime
30361,Electronic
22862,Rap
55635,Rap
39392,Alternative
21530,Blues
53803,Electronic
79904,Electronic
79589,Rock
38281,Electronic
26187,Blues
65289,Country
38631,Alternative
34026,Anime
81881,Country
25877,Jazz
79755,Alternative
67894,Blues
50248,Rock
32074,Blues
41890,Blues
36233,Alternative
63019,Electronic
31135,Electronic
91653,Classical
67493,Rap
45720,Country
78113,Blues
66990,Alternative
33226,Rap
43840,Alternative
66599,Electronic
37709,Classical
89646,Blues
41952,Blues
90953,Classical
26762,Electronic
62414,Alternative
54492,Alternative
22070,Blues
34735,Anime
37276,Blues
91709,Country
79337,Anime
32555,Blues
28310,Rap
60154,Rap
89947,Blues
67061,Rock
82280,Country
67551,Alternative
49912,Blues
44285,Country
62759,Blues
26763,Rock
88251,Blues
21144,Rap
39166,Blues
58756,Electronic
74087,Rap
58075,Blues
49533,Country
79989,Electronic
58425,Electronic
62607,Classical
85075,Blues
56756,Rock
28898,Rap
42118,Alternative
55409,Rap
31714,Alternative
41361,Rap
30503,Country
45222,Blues
68913,Rock
74995,Rap
47775,Rock
37384,Anime
49180,Jazz
28678,Classical
42464,Country
79508,Alternative
62403,Electronic
40756,Rap
85665,Country
79277,Anime
23449,Rap
82350,Rock
61130,Country
55562,Rap
78807,Country
67592,Blues
58204,Rock
42874,Rap
76341,Alternative
47432,Classical
22904,Blues
42683,Electronic
72925,Jazz
25202,Rap
23994,Rap
41096,Blues
53503,Alternative
83671,Country
59711,Rap
61562,Alternative
67914,Blues
50650,Electronic
32141,Rap
50317,Classical
51665,Anime
70042,Anime
27911,Blues
40311,Rap
49904,Rap
47588,Electronic
44657,Blues
23053,Alternative
42143,Country
77852,Classical
58240,Blues
67419,Blues
75524,Alternative
29774,Hip-Hop
60161,Electronic
45935,Classical
50100,Rap
27735,Blues
22155,Anime
28074,Anime
70652,Country
73891,Classical
67578,Classical
48379,Country
53364,Rap
46115,Blues
80693,Blues
86176,Rock
69079,Country
29436,Country
55813,Alternative
78708,Anime
81049,Blues
36822,Rap
22274,Electronic
41472,Blues
69744,Rock
85910,Rap
79522,Rap
86953,Rap
65953,Rap
70639,Anime
79193,Blues
35294,Blues
77931,Country
63066,Alternative
68106,Rock
85652,Jazz
68770,Blues
75085,Rap
80369,Blues
79286,Anime
63102,Alternative
86706,Rap
49496,Rap
43631,Electronic
28056,Rap
37736,Blues
60812,Blues
23204,Blues
54161,Country
30121,Country
66816,Rock
82621,Blues
28760,Rap
85574,Rap
27085,Electronic
58429,Country
39227,Classical
75952,Rap
83656,Alternative
58626,Blues
76948,Rap
40834,Anime
66252,Rap
59319,Classical
62342,Classical
32156,Electronic
35817,Country
77770,Country
25530,Electronic
67138,Rap
74197,Electronic
28720,Classical
34223,Anime
59705,Country
26142,Country
46526,Rap
23005,Rock
59474,Classical
45707,Blues
27027,Classical
57553,Country
90987,Rap
41262,Electronic
78385,Alternative
30750,Hip-Hop
65283,Blues
45981,Classical
65943,Rap
22917,Rap
81906,Electronic
47576,Classical
83134,Alternative
77843,Country
30061,Blues
85448,Anime
58815,Blues
39610,Classical
28228,Electronic
20724,Electronic
39201,Electronic
77056,Anime
52020,Electronic
22943,Rap
87928,Rap
91571,Electronic
35921,Alternative
86157,Classical
61361,Classical
61824,Country
91068,Country
26519,Country
54567,Rock
84864,Blues
86854,Rap
28672,Classical
89590,Rap
40950,Classical
84346,Rock
88444,Alternative
84165,Blues
54821,Blues
49692,Country
46715,Rap
52010,Rap
82981,Alternative
25725,Hip-Hop
30019,Blues
35896,Country
79523,Electronic
86615,Country
22846,Rap
69121,Rap
87501,Anime
60441,Anime
59679,Anime
73116,Blues
79128,Blues
77924,Blues
50103,Electronic
32687,Classical
36166,Anime
23042,Classical
86267,Classical
86002,Alternative
54217,Classical
32061,Alternative
90641,Classical
25215,Blues
76746,Alternative
55403,Rap
53545,Classical
28508,Blues
34635,Classical
83181,Electronic
40431,Rap
53432,Rap
72380,Country
91547,Alternative
21329,Alternative
48834,Rap
60260,Jazz
62596,Rap
88414,Jazz
27670,Blues
20184,Rap
74754,Alternative
51779,Blues
44229,Blues
38429,Electronic
52175,Blues
74508,Country
38226,Blues
88033,Rap
46508,Country
28366,Country
43879,Blues
76786,Country
79751,Blues
68264,Electronic
35263,Electronic
27380,Jazz
43617,Alternative
66753,Alternative
81392,Rock
87466,Blues
43503,Alternative
64420,Alternative
79663,Alternative
69705,Alternative
23454,Anime
89415,Blues
85299,Classical
52464,Electronic
87262,Electronic
82220,Hip-Hop
53978,Rap
26077,Alternative
34361,Classical
79197,Rap
44679,Rap
87060,Rock
69407,Electronic
24344,Alternative
32903,Anime
81260,Rap
87783,Blues
59070,Blues
84713,Country
39540,Alternative
87881,Electronic
62139,Country
34809,Electronic
25628,Blues
45163,Alternative
30628,Anime
88973,Rap
79958,Rap
39602,Electronic
67145,Alternative
31157,Rap
89361,Rock
38655,Rap
30081,Alternative
85900,Hip-Hop
73908,Country
40349,Blues
54879,Country
67338,Alternative
37894,Alternative
83715,Blues
27123,Electronic
91289,Classical
53547,Anime
78358,Blues
73070,Anime
85231,Electronic
57054,Rap
26421,Rap
84532,Rap
65393,Blues
27409,Electronic
54312,Alternative
74195,Alternative
48112,Blues
48227,Alternative
67568,Alternative
38819,Rap
29974,Blues
75851,Blues
38200,Blues
34119,Anime
47538,Classical
50199,Rap
27378,Country
54292,Electronic
25808,Hip-Hop
64587,Blues
75010,Rock
87791,Rap
85250,Alternative
62104,Electronic
57713,Alternative
79767,Country
57625,Blues
21071,Electronic
54208,Electronic
22607,Classical
28279,Rap
33901,Blues
35304,Alternative
73033,Blues
43728,Country
38952,Anime
35753,Rap
87301,Blues
68674,Electronic
89545,Jazz
84037,Blues
40629,Anime
66762,Rap
38489,Blues
50798,Rap
59440,Blues
65178,Blues
89685,Blues
75272,Electronic
86956,Rap
54030,Country
82915,Rap
52094,Alternative
51792,Rap
28284,Rap
20113,Country
87653,Rock
35743,Electronic
26678,Anime
73596,Blues
51560,Alternative
56709,Rap
24928,Electronic
53403,Jazz
22619,Alternative
53744,Classical
54616,Alternative
61554,Blues
69985,Alternative
77452,Alternative
23419,Country
33908,Alternative
28964,Country
76506,Electronic
33456,Rock
24191,Rap
71957,Rap
60030,Blues
67030,Country
48507,Blues
70915,Electronic
46551,Rock
89424,Jazz
44108,Rap
75115,Rap
22398,Country
80442,Alternative
28649,Rap
44755,Rap
40871,Jazz
81727,Blues
90895,Anime
80298,Blues
36834,Country
64081,Electronic
42371,Alternative
30453,Alternative
36618,Rap
61161,Anime
69958,Hip-Hop
77541,Blues
39478,Rap
53182,Country
91376,Country
74527,Classical
37367,Rap
85484,Alternative
78633,Anime
48596,Alternative
74826,Rap
80998,Electronic
53417,Rap
57049,Electronic
33615,Electronic
80751,Blues
61234,Blues
62521,Blues
23508,Alternative
87143,Electronic
77220,Anime
78207,Rap
39623,Country
39015,Electronic
67572,Alternative
82669,Country
46911,Rap
76013,Classical
80753,Hip-Hop
48074,Country
64825,Anime
63874,Blues
57271,Alternative
51202,Electronic
67118,Hip-Hop
83814,Blues
39573,Rock
84886,Alternative
86847,Electronic
82518,Alternative
42067,Alternative
48139,Rock
56337,Alternative
88537,Blues
59730,Alternative
32174,Alternative
73134,Anime
44579,Rap
31042,Electronic
73932,Alternative
88390,Alternative
83099,Country
84090,Rock
78602,Jazz
49931,Electronic
35740,Country
54430,Anime
36997,Electronic
46176,Alternative
59673,Alternative
79201,Rock
83689,Rap
84282,Rap
77132,Country
66739,Anime
88734,Alternative
83245,Blues
25710,Country
39970,Anime
76018,Country
44135,Rock
70179,Hip-Hop
83697,Electronic
36561,Blues
84578,Blues
70828,Country
83492,Rap
27262,Country
51203,Jazz
58158,Electronic
61086,Electronic
67100,Rock
25075,Country
88257,Country
51359,Blues
39806,Rap
83290,Classical
71123,Classical
75263,Rap
21285,Electronic
39144,Electronic
81556,Classical
75841,Blues
72512,Country
70076,Country
20475,Alternative
60876,Anime
66334,Rock
46536,Rap
21821,Rap
66861,Alternative
59942,Country
61748,Electronic
30388,Rap
38184,Rock
47767,Alternative
33039,Country
85876,Classical
49775,Alternative
33221,Alternative
20810,Country
36524,Blues
79824,Blues
28907,Rap
36410,Electronic
85580,Blues
62021,Rock
35234,Blues
41738,Alternative
30543,Blues
32989,Blues
28163,Rock
33828,Rock
67600,Rap
61671,Alternative
44146,Hip-Hop
63726,Rock
84088,Anime
28335,Blues
88531,Country
22198,Alternative
38212,Anime
66928,Blues
85196,Alternative
27991,Electronic
90666,Classical
31945,Anime
86909,Blues
69376,Rap
63721,Jazz
47711,Rap
26007,Blues
50041,Hip-Hop
23664,Anime
84668,Classical
59235,Blues
82927,Country
56602,Anime
51534,Country
29908,Country
62571,Classical
38427,Rap
49885,Rap
68035,Country
47258,Electronic
32688,Rap
69783,Jazz
58518,Blues
25785,Anime
40674,Anime
74474,Alternative
60437,Blues
23622,Electronic
45052,Blues
70889,Blues
75764,Blues
46132,Rock
44894,Rap
67077,Rap
26779,Rock
90219,Classical
91167,Rock
54884,Blues
64678,Country
72419,Classical
83764,Classical
28186,Blues
44624,Rock
60777,Rap
43148,Rock
52203,Rap
46274,Alternative
80212,Blues
27001,Rap
34554,Classical
89072,Blues
44487,Country
82282,Alternative
54254,Anime
82299,Country
84743,Classical
54079,Alternative
60209,Electronic
33289,Rap
85846,Rap
37991,Classical
72003,Electronic
62836,Alternative
25381,Blues
61659,Electronic
71642,Country
80286,Anime
30541,Alternative
31155,Blues
46418,Electronic
82955,Blues
70585,Anime
88180,Blues
62783,Alternative
50771,Rock
21105,Country
84877,Rap
78148,Rap
67139,Jazz
56479,Classical
90177,Alternative
63384,Rock
23928,Rap
60749,Blues
68536,Country
79598,Blues
25252,Electronic
60822,Jazz
77505,Alternative
22240,Rap
49113,Rock
41580,Blues
61907,Alternative
32568,Blues
39605,Classical
64719,Alternative
23473,Blues
20307,Rap
56738,Rap
35991,Anime
73523,Hip-Hop
37642,Rap
81112,Blues
32712,Rap
54062,Rock
73419,Jazz
22248,Classical
55308,Electronic
45343,Rock
29305,Rock
73902,Alternative
51267,Country
25157,Classical
36521,Rap
67241,Country
37570,Classical
22494,Blues
86486,Anime
39626,Rap
90012,Alternative
82025,Rap
63481,Classical
42187,Blues
47892,Rap
83995,Country
68152,Alternative
47899,Rap
54923,Blues
27286,Rock
43508,Alternative
43609,Country
37814,Electronic
82006,Blues
37701,Alternative
53248,Electronic
88692,Country
50223,Country
50528,Anime
39604,Alternative
63225,Electronic
89175,Anime
46776,Rock
44480,Blues
47890,Electronic
59958,Electronic
71497,Rap
81884,Blues
25192,Classical
47627,Blues
39869,Rock
27854,Alternative
87753,Alternative
72961,Rock
44528,Rap
40270,Electronic
75334,Blues
82276,Alternative
52182,Jazz
53685,Rap
88872,Country
57298,Country
70416,Alternative
63095,Alternative
37324,Rap
65017,Country
36441,Rap
75545,Rap
26520,Electronic
30517,Blues
90819,Country
56008,Blues
46832,Rock
57028,Blues
27156,Anime
62455,Blues
55149,Anime
22170,Rock
68329,Electronic
22554,Electronic
74505,Electronic
46114,Rap
81510,Rap
43169,Alternative
69755,Electronic
24200,Rock
33600,Classical
55719,Blues
64201,Blues
24202,Anime
33488,Rock
46652,Electronic
32250,Rock
27917,Blues
73828,Jazz
34363,Blues
46939,Country
78931,Country
23749,Alternative
53574,Anime
55328,Alternative
87246,Rock
31058,Electronic
80721,Rap
42908,Country
25612,Hip-Hop
22781,Blues
34175,Country
26434,Rock
90160,Rap
65631,Blues
85393,Anime
52736,Alternative
87139,Rap
40831,Alternative
28938,Blues
86484,Alternative
71536,Blues
87650,Electronic
74169,Country
87417,Electronic
58181,Blues
75896,Country
83022,Rap
34209,Rock
74159,Rap
33612,Blues
68424,Alternative
75224,Anime
49084,Rap
45005,Alternative
26427,Classical
39702,Jazz
45739,Alternative
38698,Anime
36109,Blues
84104,Rap
74096,Country
33130,Alternative
57815,Blues
79081,Jazz
43010,Blues
74107,Rap
33331,Country
86104,Country
20012,Alternative
87531,Electronic
52242,Classical
45150,Country
34334,Electronic
51250,Country
51276,Alternative
70498,Country
88987,Anime
66713,Blues
69517,Electronic
84021,Jazz
49799,Rap
22006,Anime
87612,Rap
63177,Blues
26673,Country
31830,Electronic
61556,Blues
42500,Electronic
59584,Electronic
22334,Alternative
47182,Rap
85252,Rap
32028,Classical
69980,Electronic
39937,Rap
74062,Blues
70923,Alternative
73539,Blues
67129,Anime
60571,Rap
46242,Electronic
91648,Anime
28401,Anime
62330,Anime
60498,Alternative
85106,Country
25234,Country
68305,Alternative
90043,Country
86790,Alternative
90184,Rap
80511,Rock
79134,Alternative
41645,Anime
58428,Rap
63966,Electronic
86312,Blues
91144,Rap
60788,Anime
88837,Alternative
28081,Blues
77370,Electronic
68731,Anime
25926,Alternative
42355,Electronic
56055,Country
73476,Jazz
20833,Country
89357,Alternative
89341,Rock
70183,Rap
36052,Country
61683,Blues
78218,Blues
77796,Rap
83620,Anime
34352,Rap
23649,Anime
28960,Electronic
50688,Anime
39564,Country
78713,Electronic
52610,Rock
75891,Electronic
85932,Country
23968,Blues
59522,Anime
70467,Jazz
85663,Anime
88921,Classical
36991,Alternative
78594,Blues
31794,Country
48500,Electronic
61995,Country
83252,Rap
88471,Anime
53035,Rap
24075,Alternative
59115,Blues
39593,Anime
69884,Alternative
57179,Rap
24444,Alternative
44582,Country
31641,Anime
20089,Blues
73942,Electronic
48014,Rock
78231,Rap
27833,Classical
52213,Blues
77273,Blues
27315,Electronic
87220,Alternative
45858,Electronic
36062,Blues
90700,Blues
42993,Blues
70517,Blues
51375,Hip-Hop
49585,Blues
25399,Hip-Hop
86456,Rock
60340,Blues
23077,Alternative
91043,Alternative
26761,Classical
35454,Blues
45214,Electronic
44686,Anime
21559,Blues
88556,Classical
31223,Rap
82000,Country
45271,Rap
37980,Anime
42445,Blues
39078,Electronic
77133,Alternative
55873,Rap
37061,Country
69588,Blues
51445,Alternative
84941,Blues
76352,Rap
65009,Rap
84111,Rap
32725,Country
27138,Country
59133,Alternative
60238,Alternative
27294,Country
36686,Classical
27011,Electronic
77838,Blues
82126,Blues
82655,Blues
50749,Alternative
70428,Rap
34710,Blues
76120,Alternative
68679,Electronic
51605,Jazz
46410,Electronic
43547,Anime
80709,Country
69711,Country
43177,Rap
55488,Blues
71185,Anime
44391,Rap
48201,Country
55364,Rap
83340,Electronic
32746,Alternative
27811,Blues
43746,Blues
53594,Rap
57945,Rap
45598,Electronic
24678,Electronic
75863,Rap
90662,Alternative
20293,Classical
58664,Alternative
91562,Electronic
35993,Rap
52846,Alternative
67585,Classical
53600,Electronic
84770,Electronic
65387,Anime
54970,Alternative
75651,Electronic
52541,Blues
70020,Alternative
71932,Hip-Hop
68393,Country
42738,Hip-Hop
63970,Hip-Hop
84582,Electronic
53269,Electronic
40371,Country
26213,Classical
51394,Blues
39889,Blues
58811,Blues
56696,Rap
67817,Alternative
44562,Electronic
61463,Alternative
62339,Country
66487,Rap
64087,Rock
22515,Anime
61909,Hip-Hop
90415,Classical
60814,Rap
22877,Rock
26870,Alternative
48662,Rap
60357,Jazz
63050,Rap
61232,Electronic
51782,Electronic
63890,Rap
36296,Blues
67990,Blues
68906,Rap
69455,Blues
67875,Electronic
71487,Country
33186,Electronic
54323,Alternative
42456,Rap
69741,Rock
41914,Rap
35208,Blues
69878,Rap
65984,Rap
80482,Jazz
21353,Anime
83945,Rap
36879,Alternative
63741,Rap
74739,Alternative
30089,Anime
21957,Blues
34489,Jazz
79898,Blues
79232,Electronic
66939,Electronic
66425,Blues
90367,Rap
72693,Classical
23392,Rock
32818,Rap
62881,Rap
58433,Country
51099,Country
31412,Country
68549,Rap
68580,Blues
56471,Rap
66734,Rap
49265,Electronic
22571,Country
75548,Rap
53582,Country
67535,Electronic
43440,Alternative
63993,Classical
70005,Rap
32953,Blues
40379,Anime
28507,Rap
29736,Electronic
45621,Alternative
84202,Rock
69826,Electronic
90566,Anime
79392,Anime
77764,Alternative
52823,Blues
89185,Electronic
26602,Alternative
34441,Blues
59375,Country
56834,Electronic
21941,Blues
38478,Electronic
30684,Country
56890,Classical
28622,Anime
59231,Blues
68965,Blues
86519,Alternative
82322,Alternative
37539,Classical
21337,Rap
64384,Classical
44600,Blues
78544,Rock
90563,Rap
74481,Hip-Hop
54518,Blues
81496,Electronic
43788,Country
82140,Blues
50866,Country
87697,Jazz
81322,Blues
71606,Blues
74187,Rap
46749,Blues
61172,Country
67379,Jazz
43708,Alternative
31697,Classical
48753,Blues
86247,Rap
39321,Jazz
81303,Alternative
31700,Blues
39283,Blues
86223,Blues
36986,Blues
69730,Alternative
31511,Blues
21320,Electronic
24362,Rap
81325,Alternative
54702,Blues
25164,Classical
29295,Jazz
28821,Blues
23465,Alternative
28266,Blues
63607,Alternative
43957,Country
45417,Country
24786,Rock
29231,Electronic
28399,Rap
51688,Alternative
63677,Country
60857,Rap
46581,Electronic
90000,Rap
90721,Classical
42199,Blues
47069,Rap
37286,Jazz
48423,Alternative
69748,Classical
64209,Blues
78921,Country
53020,Rap
20954,Electronic
51820,Classical
64456,Blues
73654,Alternative
37470,Rap
36747,Jazz
59316,Alternative
57868,Country
26108,Anime
90610,Alternative
37401,Blues
42836,Anime
60187,Rock
76962,Alternative
21987,Country
25590,Classical
54053,Anime
91202,Blues
21776,Anime
52271,Rock
80021,Electronic
39210,Country
49684,Rap
72272,Blues
46932,Classical
63821,Rap
67295,Alternative
38117,Country
65658,Jazz
77890,Alternative
46643,Anime
50459,Jazz
27444,Anime
30281,Electronic
68231,Country
41288,Anime
41813,Rap
27726,Electronic
75946,Rap
37037,Rap
54477,Rap
50421,Jazz
59966,Rap
60539,Alternative
39569,Rap
74179,Blues
64859,Country
37359,Rap
83532,Rock
67472,Rap
20971,Alternative
35602,Rap
35064,Electronic
67376,Anime
28369,Electronic
91357,Blues
89310,Classical
42726,Blues
44658,Classical
62922,Country
90371,Alternative
67102,Electronic
69093,Rap
81680,Country
59531,Electronic
89899,Electronic
71280,Rock
62992,Rap
91365,Anime
72376,Classical
72735,Blues
44626,Rap
65158,Electronic
54058,Rap
52768,Rap
75154,Electronic
43079,Blues
54014,Rap
33317,Blues
90612,Alternative
39582,Anime
80146,Electronic
47524,Alternative
47873,Electronic
89300,Rap
89750,Electronic
52408,Rap
46562,Rap
68530,Blues
72018,Electronic
76114,Country
43717,Blues
77758,Blues
87126,Electronic
45711,Alternative
21913,Rap
60284,Alternative
58456,Blues
76953,Blues
88097,Alternative
39038,Country
75244,Rap
84231,Electronic
28462,Rock
49911,Blues
75113,Rap
56495,Country
47770,Rap
85033,Blues
76250,Blues
70831,Blues
65544,Blues
61329,Electronic
43484,Rap
39269,Blues
33631,Alternative
48703,Country
37802,Blues
38253,Blues
37849,Alternative
65720,Alternative
48828,Country
62073,Blues
34598,Alternative
34309,Jazz
39308,Rap
70837,Jazz
34894,Anime
87581,Hip-Hop
80606,Blues
37122,Rock
24022,Alternative
89837,Electronic
54084,Electronic
45147,Alternative
20360,Alternative
53780,Blues
60150,Classical
37065,Classical
20465,Anime
60222,Country
24232,Jazz
69493,Alternative
50507,Rock
21340,Classical
57482,Country
77737,Blues
22582,Country
32651,Rock
36782,Blues
44475,Electronic
39313,Country
75119,Rap
45293,Anime
63054,Anime
26344,Country
35823,Alternative
59101,Electronic
26985,Rap
44996,Classical
74360,Classical
49080,Blues
62952,Rap
35107,Country
89338,Classical
76637,Electronic
59367,Electronic
22683,Anime
63772,Blues
77616,Country
85197,Country
81252,Rap
46633,Country
91354,Blues
34952,Electronic
51615,Alternative
25525,Hip-Hop
47649,Blues
56748,Jazz
83690,Electronic
31060,Country
81822,Rap
65735,Blues
52692,Rap
20884,Rap
90068,Rap
47129,Electronic
34669,Alternative
21548,Rap
71953,Classical
44816,Rock
23924,Classical
89358,Anime
43198,Alternative
39563,Anime
49136,Alternative
35228,Rock
51376,Rap
35377,Classical
30876,Country
83732,Electronic
43852,Jazz
44195,Blues
73276,Alternative
25204,Electronic
56229,Country
59023,Rap
38786,Country
76358,Alternative
47725,Rock
24256,Rock
50014,Electronic
46563,Blues
85858,Blues
74524,Alternative
74767,Alternative
31011,Electronic
34767,Rap
42385,Blues
52222,Rap
25067,Country
31184,Anime
46433,Classical
49888,Electronic
72951,Rap
39957,Electronic
34259,Electronic
76364,Jazz
80861,Rock
37808,Rap
77717,Anime
47064,Blues
90586,Rap
73045,Country
63709,Alternative
57809,Electronic
64673,Rock
23211,Electronic
46582,Alternative
29112,Rap
71956,Blues
33176,Country
27864,Anime
86681,Anime
43449,Country
34772,Jazz
51757,Rap
30910,Hip-Hop
66814,Country
21720,Rap
39542,Classical
83059,Blues
80772,Blues
21700,Classical
52270,Blues
56997,Alternative
62782,Anime
79629,Blues
78345,Rap
49627,Blues
20383,Classical
44918,Alternative
31519,Rock
50227,Blues
65171,Country
57200,Blues
23736,Electronic
58542,Electronic
57997,Electronic
72280,Blues
79493,Blues
55552,Jazz
83810,Rap
70337,Rap
40368,Electronic
71438,Alternative
42328,Anime
59613,Country
55561,Country
89733,Rap
71254,Electronic
65228,Country
70675,Classical
72633,Electronic
54228,Blues
27418,Country
73139,Electronic
71475,Electronic
68288,Blues
40354,Classical
43671,Anime
87226,Classical
40617,Electronic
30969,Anime
58891,Blues
57246,Rap
84355,Electronic
78490,Rap
46866,Electronic
64700,Country
48630,Country
28028,Alternative
81849,Country
55223,Alternative
23950,Electronic
91310,Rap
64499,Alternative
68413,Electronic
28528,Anime
31008,Alternative
85674,Rock
40630,Blues
25401,Blues
49666,Blues
49291,Blues
66277,Rap
89779,Blues
20040,Anime
76744,Rap
80590,Anime
68027,Country
30573,Electronic
30014,Rock
46225,Anime
57168,Electronic
28191,Rock
39845,Blues
31747,Electronic
79879,Classical
48775,Blues
34267,Rock
37650,Rap
75227,Anime
43188,Alternative
76010,Country
25670,Blues
39137,Blues
78156,Country
45953,Electronic
29543,Blues
74482,Blues
22392,Rap
25804,Electronic
47464,Blues
29089,Alternative
88310,Hip-Hop
61446,Electronic
73368,Country
86252,Rap
83700,Rock
65036,Blues
71722,Rap
47861,Blues
64156,Blues
67741,Country
22149,Rap
82374,Rock
38127,Rock
78873,Blues
74151,Alternative
69342,Rap
85438,Electronic
84246,Electronic
21037,Blues
88397,Country
21876,Rap
86766,Blues
63480,Electronic
58807,Rock
70541,Classical
42673,Blues
44685,Anime
88581,Rap
65088,Anime
20267,Electronic
62067,Electronic
68121,Classical
34387,Blues
46272,Electronic
72149,Blues
55904,Alternative
86710,Rap
69485,Rap
56993,Classical
36283,Country
52357,Rap
37101,Country
38706,Classical
39180,Electronic
70250,Alternative
77272,Electronic
84457,Electronic
84793,Anime
64494,Electronic
36468,Rap
33055,Rock
85625,Blues
75033,Country
30549,Electronic
23092,Alternative
33885,Country
22929,Electronic
65842,Anime
62094,Country
79213,Classical
87496,Anime
66881,Alternative
43655,Country
75219,Blues
86007,Anime
89204,Electronic
24317,Blues
91162,Rap
77488,Electronic
49016,Classical
46628,Country
66629,Classical
22974,Rap
37543,Alternative
22097,Blues
24123,Country
23432,Blues
55218,Rap
43637,Jazz
73369,Alternative
72828,Alternative
39764,Jazz
86143,Blues
52911,Electronic
36349,Country
28590,Blues
36546,Electronic
38080,Rock
61479,Electronic
70667,Electronic
84826,Electronic
50808,Country
51720,Blues
24392,Country
68320,Alternative
72497,Blues
22150,Blues
21526,Blues
70374,Alternative
28370,Electronic
90085,Anime
47124,Rap
72471,Anime
30785,Rap
23582,Blues
22719,Blues
86992,Electronic
35754,Jazz
77308,Country
35575,Rock
76768,Electronic
20395,Country
31082,Rap
90556,Blues
31444,Alternative
74543,Anime
62264,Country
41893,Jazz
51643,Alternative
54509,Blues
39678,Rap
40266,Alternative
82326,Anime
58307,Blues
43837,Classical
47659,Classical
50893,Blues
62337,Rap
43364,Blues
36837,Electronic
77343,Blues
90511,Electronic
83958,Blues
86083,Rock
26747,Electronic
22853,Blues
65781,Rap
64393,Country
89582,Country
47294,Classical
90464,Rap
32779,Alternative
41788,Electronic
67522,Rap
57562,Anime
24961,Electronic
45194,Rap
44317,Alternative
30018,Alternative
29423,Anime
61643,Rock
84829,Country
80355,Electronic
81489,Electronic
39973,Electronic
78194,Country
23701,Electronic
28226,Electronic
89928,Rock
26335,Rock
91284,Hip-Hop
50221,Alternative
43923,Alternative
38209,Jazz
70169,Rap
22285,Country
76724,Alternative
20453,Electronic
53082,Electronic
66558,Electronic
68943,Alternative
82199,Electronic
26018,Anime
56562,Electronic
74072,Blues
43073,Classical
76614,Blues
54093,Rap
67728,Blues
89412,Anime
44634,Jazz
64907,Blues
88673,Rap
57745,Electronic
89952,Anime
55750,Anime
43009,Country
71077,Anime
27329,Country
60563,Jazz
73772,Jazz
62166,Electronic
88208,Blues
48011,Rap
52100,Rap
74691,Classical
27404,Country
62652,Classical
81116,Country
70107,Rap
59649,Classical
73443,Anime
30259,Rap
25207,Country
62411,Electronic
88202,Country
69348,Rap
62065,Classical
75125,Blues
69209,Blues
87068,Electronic
49352,Electronic
49380,Country
77988,Alternative
44070,Electronic
58610,Electronic
50345,Jazz
49042,Rock
68063,Rap
57796,Classical
28948,Rap
33931,Alternative
74457,Rap
26473,Hip-Hop
69015,Hip-Hop
36460,Electronic
24513,Electronic
30015,Anime
21727,Alternative
85914,Rap
30641,Rap
69335,Rap
84974,Jazz
48529,Alternative
85844,Rap
66013,Alternative
59308,Rap
91524,Classical
37281,Country
57662,Anime
54159,Rap
23704,Country
26195,Country
71485,Rap
56476,Blues
34562,Blues
28650,Country
57613,Country
60633,Anime
34057,Alternative
74808,Blues
23124,Rap
34664,Blues
84763,Electronic
40235,Blues
37246,Blues
80625,Electronic
52760,Alternative
24743,Blues
86739,Alternative
50128,Alternative
40472,Electronic
45924,Alternative
83208,Alternative
55706,Rap
36072,Jazz
79899,Alternative
22577,Rap
72859,Blues
59165,Rock
62177,Rap
74803,Blues
72387,Country
87886,Blues
23288,Blues
74536,Rock
39219,Rap
22139,Rock
81903,Electronic
91317,Electronic
32570,Alternative
33096,Hip-Hop
28818,Country
46843,Electronic
91629,Country
49617,Hip-Hop
74346,Alternative
49892,Blues
80285,Classical
83680,Blues
51304,Electronic
69621,Jazz
61023,Country
83261,Rap
20786,Alternative
83785,Blues
50081,Blues
86043,Electronic
24243,Blues
34953,Electronic
28904,Alternative
56573,Blues
52216,Blues
75670,Blues
67175,Anime
56904,Anime
32981,Alternative
28147,Anime
31827,Rock
44057,Alternative
30401,Electronic
74393,Jazz
91203,Anime
51571,Rap
36849,Blues
29844,Blues
37652,Country
51111,Electronic
46197,Electronic
36371,Jazz
80292,Electronic
30873,Rap
63437,Country
66412,Country
26766,Jazz
66857,Classical
29282,Anime
81589,Blues
30853,Anime
39426,Blues
61571,Rap
52956,Rap
66869,Rap
87838,Anime
45300,Electronic
45008,Classical
35950,Electronic
23308,Country
83462,Anime
61955,Blues
50539,Rap
46380,Rap
54209,Blues
83319,Rap
62163,Country
42541,Alternative
51489,Electronic
73303,Country
38354,Rock
74723,Electronic
55699,Country
45864,Country
66012,Classical
65848,Country
36464,Jazz
50348,Country
82744,Alternative
53295,Alternative
30256,Country
43938,Rock
42228,Country
51695,Blues
51237,Hip-Hop
80890,Rap
46705,Country
26666,Rock
56568,Electronic
50577,Rock
76781,Electronic
44571,Electronic
45526,Classical
90033,Anime
87413,Rap
27557,Anime
65209,Alternative
62315,Blues
78016,Hip-Hop
84340,Alternative
41323,Rap
54358,Electronic
71288,Electronic
20117,Electronic
46169,Country
83214,Anime
59581,Hip-Hop
38591,Country
35987,Rock
41593,Jazz
80309,Anime
55791,Electronic
24376,Electronic
76148,Anime
41762,Blues
53145,Rap
59523,Anime
70900,Blues
58592,Anime
38434,Blues
39635,Rap
67033,Electronic
20375,Rock
43615,Jazz
62341,Blues
57724,Rap
80635,Rap
46026,Country
41748,Country
90890,Alternative
66413,Country
84928,Blues
46145,Rap
21156,Country
20581,Electronic
84199,Alternative
29208,Country
79520,Alternative
62441,Electronic
42265,Rap
70806,Anime
77848,Blues
75648,Anime
49026,Classical
35246,Alternative
51470,Rap
51681,Blues
44017,Jazz
36688,Blues
76340,Country
60399,Jazz
73616,Rap
30693,Jazz
90155,Country
26535,Country
71278,Country
68131,Blues
20358,Rock
53425,Alternative
81292,Alternative
64374,Country
48669,Country
53875,Anime
31975,Country
76423,Rock
70598,Rap
47003,Rap
73661,Jazz
78936,Rap
89023,Jazz
73275,Blues
90867,Rock
49520,Blues
47085,Rap
68814,Blues
70478,Country
21796,Rock
70936,Classical
44197,Electronic
65639,Electronic
41293,Anime
83422,Alternative
81407,Classical
77036,Electronic
43946,Anime
39797,Electronic
32828,Alternative
69698,Rock
44642,Rap
67341,Rock
37722,Hip-Hop
29313,Blues
78640,Classical
23925,Rap
56770,Rap
35847,Country
82661,Alternative
24484,Jazz
60768,Hip-Hop
23945,Anime
82092,Rap
72987,Rap
58452,Blues
43732,Blues
71896,Electronic
59488,Alternative
23641,Alternative
29557,Electronic
73387,Rap
43983,Rock
37494,Classical
32415,Electronic
76374,Alternative
30635,Rap
84984,Alternative
67927,Country
65771,Country
57781,Rock
55735,Classical
37485,Blues
33891,Jazz
42131,Anime
63313,Classical
41638,Anime
24494,Blues
22110,Alternative
83048,Rap
57804,Alternative
25430,Rap
72183,Blues
85161,Country
88713,Country
70599,Blues
54413,Country
88277,Blues
58344,Blues
57368,Rap
55674,Alternative
22501,Rock
66647,Alternative
79380,Rock
86361,Anime
59091,Anime
54445,Electronic
47781,Classical
36456,Electronic
58560,Country
63962,Jazz
55241,Alternative
55908,Country
51492,Rap
71051,Electronic
84781,Blues
61565,Blues
27079,Country
75937,Classical
91061,Blues
85725,Rap
27902,Rap
62328,Country
28290,Jazz
64195,Electronic
58096,Electronic
50036,Anime
88173,Rap
30100,Rap
25660,Rap
30728,Anime
85219,Electronic
47996,Anime
76138,Blues
80692,Anime
46064,Blues
37360,Hip-Hop
72084,Classical
23063,Blues
26362,Electronic
72238,Alternative
30498,Alternative
89345,Blues
64559,Rap
82289,Country
33021,Rap
48331,Electronic
22569,Country
38918,Alternative
91586,Rap
45022,Jazz
45170,Rap
35094,Electronic
60622,Alternative
45122,Blues
27477,Rap
40609,Blues
34573,Anime
21542,Alternative
39497,Country
44238,Country
26788,Alternative
82086,Country
21596,Country
82014,Classical
66562,Blues
44534,Electronic
85331,Classical
54162,Blues
39258,Electronic
72349,Blues
84880,Blues
82675,Classical
53177,Classical
84961,Country
29191,Rap
70669,Hip-Hop
68175,Anime
83196,Alternative
25611,Blues
67598,Electronic
88181,Alternative
66032,Anime
59802,Alternative
49425,Alternative
37614,Electronic
45731,Blues
55390,Rap
21310,Country
53598,Anime
52415,Country
65924,Country
66293,Rock
64910,Country
23263,Classical
85687,Country
42151,Country
81969,Rock
25287,Electronic
72242,Alternative
41700,Rap
78730,Rap
91221,Blues
88869,Alternative
73183,Jazz
36676,Alternative
31302,Country
39835,Country
35639,Country
77495,Blues
79779,Blues
89140,Blues
60406,Country
21464,Classical
48138,Country
48435,Rap
32710,Anime
29714,Blues
66651,Hip-Hop
49014,Rap
70591,Anime
73819,Electronic
90526,Country
51256,Blues
28734,Classical
24727,Classical
55037,Anime
57988,Country
25422,Electronic
65742,Electronic
64978,Blues
43250,Electronic
41887,Blues
29494,Rap
78887,Electronic
57611,Blues
20886,Jazz
38232,Classical
33088,Rock
30459,Alternative
41509,Anime
43494,Rap
45177,Electronic
48013,Anime
79669,Alternative
25755,Alternative
21472,Rap
28890,Blues
74447,Anime
25323,Anime
89616,Country
37299,Blues
53494,Alternative
32827,Blues
69683,Anime
23872,Classical
63974,Electronic
37695,Classical
85700,Classical
50392,Country
74375,Rap
63939,Country
76767,Rap
45290,Rap
82757,Rap
65739,Alternative
51604,Rap
87088,Rock
47913,Anime
57467,Blues
66622,Alternative
39713,Blues
37813,Alternative
53952,Rap
79253,Anime
49583,Rap
52282,Rap
36158,Rock
68681,Rap
26332,Anime
20830,Country
64079,Blues
54124,Electronic
53888,Jazz
87157,Electronic
81472,Rock
20843,Rap
27253,Anime
25553,Anime
80849,Alternative
86283,Electronic
86278,Rock
48804,Electronic
56436,Jazz
43471,Country
65177,Blues
38938,Alternative
78310,Rap
49104,Blues
69999,Alternative
74065,Anime
49880,Anime
87162,Electronic
25961,Jazz
49218,Rap
59664,Rap
30416,Anime
41979,Electronic
41751,Country
53820,Hip-Hop
59182,Rap
30953,Alternative
79506,Rap
79511,Alternative
74900,Anime
69817,Electronic
81691,Electronic
55421,Blues
70401,Electronic
76315,Country
52807,Electronic
42690,Alternative
33657,Rap
82047,Rap
21497,Jazz
21331,Rap
86624,Blues
27929,Blues
46890,Anime
68000,Classical
77177,Alternative
53301,Rap
67215,Rap
24448,Rap
46284,Rap
61653,Blues
85626,Blues
49890,Blues
47558,Anime
23188,Rap
74188,Rap
58314,Alternative
67904,Country
32300,Blues
43353,Rap
84798,Rock
32948,Classical
39487,Alternative
45697,Jazz
77230,Classical
70699,Alternative
76142,Rap
85868,Electronic
66184,Blues
41189,Rap
88634,Electronic
63137,Blues
46020,Alternative
23366,Blues
52590,Classical
78053,Blues
58885,Blues
26501,Electronic
45476,Rap
21228,Electronic
43110,Blues
58168,Rap
87247,Blues
81042,Electronic
91451,Electronic
90769,Hip-Hop
67092,Rock
22707,Rock
60027,Rap
59372,Rap
79614,Alternative
42232,Blues
78566,Alternative
74323,Rap
35250,Country
26487,Rap
77439,Classical
57556,Blues
74918,Blues
64763,Country
20207,Country
67874,Rock
32150,Electronic
74865,Country
87609,Electronic
75522,Blues
32168,Rock
29840,Anime
86888,Alternative
91604,Country
56690,Country
45586,Electronic
67339,Classical
72145,Rock
62311,Blues
67041,Alternative
51227,Electronic
68065,Blues
87058,Blues
33411,Rap
33551,Hip-Hop
77419,Rap
79402,Electronic
74033,Electronic
89481,Country
31686,Anime
23381,Electronic
28307,Rock
83362,Blues
26896,Classical
76758,Rock
21770,Blues
86294,Rap
79063,Rap
37272,Country
47235,Anime
23517,Country
51149,Alternative
41458,Rap
30552,Blues
91116,Rap
38405,Hip-Hop
33893,Electronic
72566,Blues
25542,Country
41098,Electronic
44394,Hip-Hop
70197,Country
56304,Country
86506,Alternative
38665,Rap
35445,Country
37843,Rap
36739,Blues
37085,Classical
32762,Country
46570,Country
24334,Blues
27609,Country
24748,Blues
44270,Alternative
71516,Electronic
61853,Electronic
37976,Blues
64340,Blues
83980,Alternative
21351,Electronic
74994,Rock
45754,Rap
25793,Blues
36911,Country
36950,Classical
62781,Rap
85873,Alternative
50557,Rap
66597,Alternative
75632,Rock
48653,Hip-Hop
23020,Classical
25153,Electronic
67335,Classical
53216,Jazz
29536,Blues
85300,Country
43981,Electronic
20762,Country
48238,Blues
88889,Rap
36639,Hip-Hop
81059,Rock
21208,Rock
70362,Country
45062,Electronic
62347,Blues
28424,Classical
60307,Alternative
44660,Alternative
84173,Blues
58214,Electronic
32853,Anime
65063,Blues
39861,Country
41054,Alternative
28826,Electronic
20700,Alternative
30870,Alternative
82378,Rap
39245,Rap
63985,Alternative
39490,Alternative
34909,Blues
67678,Rap
72731,Alternative
50954,Jazz
78108,Rap
27297,Country
56808,Country
33865,Alternative
28331,Rap
88948,Electronic
29152,Alternative
45256,Blues
65950,Alternative
86650,Blues
59817,Hip-Hop
53167,Alternative
70702,Alternative
42880,Rock
72998,Blues
83458,Blues
60926,Anime
21534,Rap
65268,Classical
31123,Country
70809,Blues
79491,Rap
20050,Rap
58250,Blues
50044,Country
44445,Anime
46105,Jazz
61118,Anime
25902,Alternative
91559,Alternative
90719,Rap
89429,Alternative
59615,Country
50006,Blues
47651,Alternative
32453,Blues
54844,Country
36734,Electronic
83307,Country
64429,Rock
60702,Classical
39647,Blues
64904,Blues
28648,Country
75806,Rap
26278,Anime
57549,Country
65748,Rock
73287,Anime
30513,Classical
56319,Anime
48586,Alternative
35897,Country
69808,Rock
75701,Electronic
64931,Anime
28749,Country
68085,Electronic
89365,Jazz
47092,Blues
72589,Jazz
90877,Anime
62628,Jazz
33549,Alternative
50672,Classical
80383,Blues
91327,Alternative
39451,Jazz
76360,Blues
59693,Electronic
65790,Classical
88908,Classical
55460,Rock
39533,Blues
56296,Blues
32597,Country
54946,Country
60349,Rock
50325,Rap
26165,Blues
75418,Country
91254,Country
66757,Classical
83366,Alternative
36271,Rap
80009,Alternative
70441,Electronic
85226,Rap
37838,Anime
74749,Blues
46286,Country
26352,Blues
22369,Anime
46769,Electronic
73482,Rap
24409,Rap
87623,Classical
31054,Blues
89801,Anime
41337,Alternative
66708,Alternative
60854,Country
71518,Country
30231,Rap
89498,Rock
30153,Blues
20504,Anime
44258,Classical
36508,Country
29016,Electronic
80038,Electronic
63643,Rock
52593,Classical
83218,Blues
71618,Rap
69449,Classical
28736,Rap
27425,Rock
36324,Blues
74771,Rap
87897,Country
73861,Anime
25424,Electronic
54242,Blues
33620,Classical
48443,Anime
88529,Country
38694,Country
77116,Alternative
85371,Alternative
57871,Country
71531,Electronic
54707,Country
32146,Alternative
49699,Electronic
28707,Rap
90326,Blues
32424,Rock
53209,Anime
61022,Electronic
71281,Classical
87600,Rap
43100,Electronic
21584,Electronic
58841,Hip-Hop
61322,Rap
66682,Blues
22639,Country
50109,Rock
79872,Rap
58299,Country
39094,Electronic
34466,Country
38869,Rock
36908,Rap
91518,Rap
62115,Blues
29384,Rap
59611,Alternative
61491,Blues
23147,Alternative
30948,Rap
43511,Rap
21175,Electronic
35495,Country
48154,Anime
69597,Jazz
21375,Alternative
47135,Rap
42333,Rock
50563,Electronic
39727,Blues
34989,Country
65760,Blues
63024,Anime
48836,Blues
49258,Anime
68066,Country
41451,Alternative
71745,Blues
71414,Rock
31688,Hip-Hop
36874,Electronic
91646,Rock
89729,Electronic
71492,Electronic
77126,Anime
38280,Blues
35873,Anime
79127,Electronic
90018,Rap
59819,Alternative
46900,Country
89869,Blues
61860,Alternative
77794,Blues
69743,Classical
68991,Electronic
55896,Electronic
85715,Blues
69012,Country
48404,Rap
50194,Alternative
55689,Electronic
75017,Electronic
66949,Blues
69596,Alternative
44215,Rap
87064,Blues
32990,Electronic
61896,Country
32534,Alternative
21287,Electronic
57785,Country
69474,Blues
32686,Anime
21392,Rap
87431,Rap
56876,Alternative
80862,Alternative
35660,Anime
46173,Electronic
25275,Blues
41818,Jazz
82240,Jazz
29770,Hip-Hop
30593,Alternative
62184,Blues
61474,Electronic
57731,Classical
44511,Anime
84714,Classical
74322,Rap
87299,Classical
47272,Blues
80961,Blues
41095,Alternative
83138,Rap
80195,Alternative
32520,Jazz
36565,Classical
81069,Classical
38263,Blues
60573,Classical
73251,Electronic
73223,Anime
49690,Rap
58347,Classical
64887,Rap
64824,Blues
28635,Electronic
32129,Blues
70529,Alternative
33939,Country
22659,Rap
51398,Alternative
52703,Classical
40584,Blues
23830,Rap
73019,Blues
41083,Alternative
31767,Blues
55905,Alternative
88574,Alternative
66514,Blues
41032,Electronic
82239,Country
56038,Country
29218,Electronic
91686,Blues
25177,Blues
48155,Blues
88804,Hip-Hop
73211,Alternative
40805,Anime
86809,Rock
21214,Blues
65618,Country
62265,Rock
39214,Anime
51039,Alternative
41292,Alternative
60998,Jazz
22713,Blues
45200,Blues
52666,Hip-Hop
42623,Blues
42649,Classical
51723,Blues
39946,Country
58554,Hip-Hop
20385,Jazz
89106,Blues
82693,Country
62243,Electronic
65683,Rap
84762,Rap
46640,Classical
43866,Electronic
82536,Classical
39699,Alternative
82923,Blues
26668,Rock
29203,Alternative
68854,Country
30818,Rap
60003,Electronic
88193,Country
58980,Electronic
52044,Country
90483,Alternative
24201,Rap
75702,Alternative
88844,Alternative
32560,Country
27241,Rap
28480,Electronic
70631,Blues
80471,Alternative
35781,Classical
28251,Anime
62855,Blues
50596,Classical
83949,Alternative
25747,Country
54341,Country
57899,Electronic
83119,Anime
88078,Electronic
65929,Alternative
29425,Rap
32691,Rap
58804,Blues
68885,Blues
36173,Rap
34995,Country
55179,Country
22818,Alternative
40554,Country
79281,Alternative
58255,Rap
75178,Anime
70626,Alternative
22408,Electronic
73849,Blues
40768,Country
38122,Country
52829,Rock
53234,Alternative
24685,Country
32082,Country
44313,Electronic
73314,Blues
51280,Electronic
80357,Anime
58645,Rap
80522,Blues
84573,Rap
58853,Anime
56049,Electronic
34458,Blues
28618,Country
34633,Blues
37348,Country
83489,Electronic
86886,Rap
25557,Country
31045,Classical
63983,Country
76288,Alternative
62531,Classical
49461,Rap
39890,Hip-Hop
68960,Rap
75277,Blues
89518,Country
60733,Electronic
50910,Blues
49831,Blues
70909,Electronic
56485,Blues
78985,Rap
52442,Rap
27760,Classical
74318,Electronic
49962,Blues
51226,Rap
65290,Jazz
77437,Country
61240,Alternative
55194,Alternative
33890,Rap
42581,Alternative
74264,Rock
72032,Blues
59407,Alternative
67658,Rock
33446,Blues
45225,Country
89135,Jazz
42364,Country
81128,Alternative
30120,Rap
21045,Classical
31284,Rock
84446,Anime
56921,Alternative
91621,Hip-Hop
49328,Electronic
36706,Blues
53581,Alternative
80310,Electronic
89906,Anime
29103,Rap
28949,Blues
67714,Classical
42644,Country
63433,Blues
29922,Rap
39228,Rap
71972,Anime
32972,Electronic
23022,Blues
55576,Blues
85423,Blues
32013,Classical
35045,Blues
78620,Electronic
60033,Alternative
75144,Anime
27688,Classical
42540,Blues
21297,Alternative
79951,Jazz
68050,Blues
76572,Blues
27090,Alternative
89688,Alternative
27128,Alternative
72202,Alternative
40806,Blues
49697,Hip-Hop
70344,Classical
60864,Blues
51768,Anime
45003,Rock
71778,Rock
76817,Country
40828,Alternative
44993,Electronic
44122,Blues
74612,Electronic
41430,Alternative
62162,Country
45578,Rock
57259,Electronic
71987,Blues
25035,Anime
63280,Blues
53988,Anime
58493,Country
41325,Alternative
39872,Alternative
51150,Blues
41960,Anime
37572,Classical
59880,Blues
42955,Alternative
63226,Classical
43752,Anime
84912,Electronic
34584,Blues
34280,Rap
20650,Hip-Hop
41476,Anime
67393,Classical
35415,Alternative
51305,Alternative
82306,Hip-Hop
26513,Blues
58716,Country
66276,Rap
60245,Electronic
59328,Anime
22863,Rap
57943,Alternative
29311,Classical
59043,Rap
61733,Electronic
78165,Electronic
88027,Electronic
40034,Blues
83158,Country
45652,Jazz
69537,Jazz
21524,Blues
43765,Alternative
74041,Alternative
31514,Rap
88188,Blues
75416,Anime
62003,Electronic
62409,Alternative
20730,Alternative
63126,Rap
24266,Alternative
80172,Rap
32548,Classical
35785,Rap
56518,Alternative
61035,Jazz
25859,Alternative
75624,Anime
37188,Rap
22453,Rap
49074,Electronic
67113,Alternative
40330,Alternative
41839,Alternative
27832,Country
25689,Rap
60400,Jazz
28902,Rap
74814,Alternative
49120,Anime
90502,Electronic
67997,Country
81866,Country
81427,Alternative
78819,Blues
20477,Alternative
81447,Alternative
68166,Rap
42270,Rap
90570,Jazz
90542,Classical
59764,Alternative
63416,Blues
32844,Alternative
66410,Rap
38754,Alternative
57397,Rock
24895,Jazz
85111,Alternative
76544,Rap
59796,Rap
57906,Rap
52234,Classical
41978,Electronic
33984,Rock
35863,Electronic
49940,Alternative
58146,Rap
86592,Country
87010,Country
50082,Blues
31016,Blues
51211,Alternative
43404,Rap
53777,Rap
27075,Alternative
36087,Blues
46731,Anime
80170,Alternative
34274,Rap
21972,Alternative
34193,Alternative
89697,Blues
33516,Alternative
71984,Electronic
31581,Electronic
86868,Alternative
78440,Blues
72967,Rock
45706,Anime
25867,Classical
57329,Electronic
61077,Electronic
68687,Blues
48012,Blues
78268,Alternative
32325,Rap
66649,Electronic
36580,Blues
33094,Electronic
42759,Anime
56920,Classical
24377,Anime
54721,Electronic
32932,Electronic
33976,Country
67296,Alternative
48292,Rap
65194,Alternative
43685,Anime
71453,Blues
24357,Electronic
76509,Blues
73146,Blues
34654,Classical
88756,Country
55131,Rap
22331,Country
55189,Rap
41996,Electronic
56430,Rock
26294,Rap
52392,Country
59456,Alternative
38680,Electronic
63857,Blues
40004,Electronic
29852,Alternative
31781,Alternative
47716,Rap
74334,Alternative
57109,Alternative
21404,Country
80346,Blues
48346,Blues
81597,Rock
23446,Alternative
53351,Rap
63730,Blues
68865,Alternative
86740,Alternative
86360,Blues
44153,Rock
28967,Blues
67912,Alternative
65044,Jazz
39209,Rock
27150,Blues
68180,Rap
84741,Alternative
36164,Classical
30710,Blues
50010,Blues
90435,Country
62928,Electronic
89102,Alternative
51335,Electronic
22396,Country
89024,Electronic
51516,Blues
60897,Blues
56407,Electronic
65190,Classical
53706,Electronic
63938,Rock
58256,Electronic
22997,Rock
86901,Blues
43823,Rap
32832,Country
91240,Blues
77543,Anime
79967,Blues
66664,Anime
76001,Alternative
48363,Anime
68234,Jazz
50219,Rap
27335,Electronic
79807,Rap
65214,Blues
90138,Electronic
35523,Rap
53878,Blues
85386,Alternative
69341,Blues
47052,Anime
41980,Classical
86530,Rock
48403,Country
86158,Classical
32292,Rap
20251,Rap
82888,Classical
73344,Jazz
34938,Hip-Hop
90679,Rock
84167,Country
33482,Alternative
47724,Anime
41760,Country
91293,Blues
87280,Alternative
27568,Classical
66322,Rock
29710,Electronic
76210,Rock
83465,Classical
70969,Rock
23052,Alternative
83542,Blues
54250,Electronic
65362,Jazz
68230,Jazz
65571,Jazz
57178,Rock
65921,Blues
72369,Electronic
66530,Classical
42735,Blues
52922,Country
84756,Country
55667,Rock
54671,Classical
23163,Anime
89116,Rap
25226,Electronic
25514,Electronic
39816,Electronic
79494,Rap
88157,Alternative
27590,Rock
39769,Anime
76919,Electronic
80223,Electronic
83986,Jazz
20077,Rap
36656,Anime
66168,Blues
43300,Blues
82211,Country
75999,Anime
78508,Rap
71489,Alternative
71218,Country
28212,Blues
48445,Rap
83983,Country
29630,Rap
72235,Blues
77711,Blues
40137,Rock
53588,Anime
80486,Anime
89512,Electronic
32014,Rap
49756,Country
82181,Alternative
51508,Alternative
44925,Electronic
55248,Blues
52077,Country
67270,Jazz
20211,Rock
42280,Electronic
91078,Anime
68915,Alternative
91576,Blues
79384,Rock
59394,Blues
32652,Blues
66332,Blues
28738,Rap
46811,Anime
81918,Country
39728,Blues
53188,Country
45647,Classical
77005,Rap
50235,Blues
84467,Anime
34689,Rock
33413,Blues
37777,Blues
38112,Blues
39971,Country
44529,Anime
90067,Alternative
22701,Blues
64071,Anime
52358,Blues
22444,Classical
78680,Rap
21658,Rap
31806,Anime
80517,Classical
89428,Rap
46423,Rap
74810,Alternative
57380,Rap
44988,Jazz
72132,Alternative
73412,Electronic
23543,Country
83926,Alternative
50443,Jazz
63618,Classical
29575,Electronic
35290,Electronic
81244,Classical
66996,Alternative
66164,Country
43048,Electronic
37723,Blues
34795,Rap
66836,Electronic
45997,Rap
62738,Electronic
85064,Blues
88628,Alternative
67563,Rock
80617,Country
22112,Rap
40531,Country
29523,Country
39339,Rap
28721,Rap
27856,Rap
87132,Alternative
68671,Rock
34218,Blues
25570,Rock
91208,Country
91273,Jazz
37172,Electronic
51917,Alternative
52930,Rap
40928,Rap
24622,Hip-Hop
40701,Blues
36222,Blues
40045,Blues
78140,Rock
72446,Anime
28636,Rap
37015,Anime
36651,Anime
63124,Anime
48152,Alternative
34429,Anime
28681,Rap
29474,Country
89944,Alternative
86129,Rap
46599,Rap
62155,Country
87335,Blues
61171,Blues
32943,Electronic
38757,Alternative
44364,Alternative
27855,Country
60574,Rap
38936,Blues
68763,Rap
45378,Rock
81188,Rap
89054,Rap
53559,Rap
73731,Classical
89558,Electronic
48274,Jazz
25225,Rap
22518,Country
84916,Jazz
29594,Rap
23239,Alternative
53554,Rap
66534,Anime
37969,Electronic
73774,Alternative
22220,Electronic
40142,Rap
56683,Electronic
48348,Rock
63768,Blues
47008,Rock
34512,Blues
64560,Anime
67250,Alternative
74484,Electronic
32238,Country
50549,Country
56824,Blues
25193,Rap
71447,Rap
23513,Rock
61791,Electronic
90318,Country
33750,Blues
33576,Country
83822,Alternative
67059,Blues
54637,Blues
76587,Blues
43742,Country
81161,Anime
62118,Rap
47039,Blues
36556,Rock
66661,Alternative
51908,Alternative
39416,Rap
35834,Blues
37904,Country
68547,Country
34706,Classical
69564,Electronic
86895,Jazz
22541,Hip-Hop
48432,Country
33590,Electronic
74609,Alternative
45206,Country
39398,Anime
35441,Country
42883,Alternative
56521,Country
20031,Rap
27922,Blues
31429,Country
67675,Blues
34225,Country
22397,Rap
48271,Anime
63410,Blues
89985,Blues
81154,Jazz
25091,Blues
62897,Rock
74112,Rap
45179,Electronic
62591,Electronic
48609,Classical
26210,Jazz
86058,Blues
80191,Alternative
71912,Rap
24051,Anime
54012,Rap
79149,Alternative
40793,Country
36791,Blues
55200,Jazz
86061,Alternative
27947,Country
53861,Alternative
21601,Blues
41414,Electronic
30335,Electronic
27790,Alternative
90932,Alternative
30792,Electronic
86292,Rock
43883,Blues
89133,Classical
70274,Blues
82154,Hip-Hop
46577,Rap
49834,Rap
72241,Rap
81227,Alternative
28530,Alternative
44561,Anime
51941,Blues
59445,Anime
31828,Electronic
42703,Country
63039,Alternative
74872,Blues
41405,Rap
72432,Alternative
61270,Country
64056,Classical
64788,Alternative
82668,Electronic
46958,Rap
83646,Country
68911,Country
21084,Electronic
70327,Country
30022,Classical
54442,Anime
31599,Blues
61315,Blues
45069,Electronic
56172,Rock
35676,Rap
32138,Alternative
70269,Electronic
66648,Blues
45268,Alternative
28057,Electronic
38688,Country
20690,Electronic
58196,Blues
60862,Anime
25864,Classical
54680,Classical
78483,Rock
84319,Country
34344,Alternative
77857,Blues
43662,Blues
38487,Rap
54861,Blues
79123,Classical
54891,Rap
74001,Rock
52987,Jazz
74435,Country
64730,Rap
23793,Electronic
77927,Rap
65704,Rap
51038,Country
34414,Jazz
84149,Electronic
67845,Alternative
39820,Rock
59343,Rock
30163,Rap
43191,Blues
74930,Anime
21591,Country
79559,Rap
73392,Alternative
20611,Alternative
63898,Alternative
67194,Classical
23828,Blues
55875,Rap
58354,Anime
32585,Alternative
87781,Blues
24531,Rock
61337,Blues
62039,Blues
85785,Classical
28896,Rock
32301,Rap
21744,Alternative
64431,Jazz
63290,Country
62761,Alternative
21236,Jazz
80601,Country
48059,Rock
68651,Rap
52893,Classical
63344,Rap
88348,Rap
50494,Rap
63175,Rap
83342,Jazz
65647,Classical
62977,Country
35008,Rap
88470,Anime
86877,Blues
43117,Blues
62569,Country
88429,Rap
37958,Rap
63799,Rock
50420,Alternative
33097,Anime
20739,Jazz
28900,Jazz
81423,Country
89331,Blues
63590,Anime
42101,Anime
90798,Jazz
58739,Alternative
77699,Electronic
60608,Alternative
46009,Electronic
54988,Alternative
55499,Rap
42911,Electronic
80398,Jazz
77068,Anime
62645,Rap
59983,Rap
74349,Country
80323,Anime
82970,Electronic
20926,Alternative
62437,Blues
79764,Alternative
38308,Anime
53963,Classical
50592,Electronic
85311,Country
41969,Electronic
59087,Jazz
44036,Country
54103,Country
39794,Rap
53006,Electronic
65399,Rock
84837,Alternative
46137,Electronic
64516,Electronic
87015,Alternative
41840,Rap
38276,Classical
73210,Classical
83610,Country
33568,Blues
25865,Classical
77804,Anime
58644,Blues
47760,Country
76515,Electronic
20598,Blues
67080,Alternative
21044,Blues
41878,Anime
70339,Anime
81317,Rock
40320,Electronic
28372,Classical
37076,Electronic
79513,Blues
25929,Alternative
83183,Rock
25072,Blues
51366,Electronic
48004,Rap
50733,Alternative
74818,Rap
23036,Anime
77046,Blues
67631,Blues
69578,Anime
82260,Rock
54231,Classical
37268,Country
37748,Rap
40863,Country
80830,Blues
22789,Electronic
71769,Classical
22402,Alternative
67516,Anime
68538,Anime
71181,Blues
55865,Rap
88546,Anime
51583,Alternative
55071,Alternative
86643,Blues
68228,Country
46539,Classical
51082,Rock
50715,Jazz
33062,Rap
83674,Jazz
32069,Country
53516,Anime
20808,Country
57473,Country
37012,Hip-Hop
33598,Alternative
46290,Electronic
55462,Rap
53692,Country
54765,Country
55671,Country
70542,Rap
50500,Alternative
70957,Electronic
78301,Jazz
36970,Classical
54675,Alternative
78460,Blues
50673,Electronic
20515,Rock
32880,Alternative
37120,Blues
55315,Blues
51810,Electronic
25543,Electronic
70256,Blues
90091,Rap
90553,Alternative
62664,Alternative
74616,Rap
65000,Blues
45710,Alternative
31774,Electronic
36172,Country
40134,Electronic
69469,Electronic
43542,Alternative
54455,Blues
50085,Anime
85837,Alternative
91213,Blues
41557,Alternative
30880,Rap
22850,Rap
85833,Electronic
68489,Electronic
49497,Country
49272,Classical
73878,Electronic
64304,Electronic
79435,Blues
64740,Blues
22224,Electronic
85341,Rap
50156,Blues
35411,Electronic
88433,Alternative
76598,Classical
84534,Blues
84433,Country
32719,Rap
28963,Rap
25571,Blues
40547,Electronic
71584,Rap
71867,Electronic
61358,Country
73165,Classical
31652,Electronic
66206,Blues
41496,Anime
47280,Country
51806,Country
56318,Electronic
33537,Alternative
74123,Country
69136,Rap
75526,Blues
44972,Blues
64735,Classical
66355,Alternative
32862,Rap
49171,Classical
85903,Anime
45016,Classical
25344,Electronic
66840,Rap
88988,Electronic
51531,Hip-Hop
41685,Rock
74377,Electronic
71074,Rap
46651,Anime
65111,Alternative
53347,Alternative
55695,Rap
56393,Rap
84644,Hip-Hop
60081,Blues
58080,Blues
28002,Rap
54665,Jazz
76820,Anime
78963,Rap
32479,Alternative
76223,Blues
76818,Electronic
72203,Alternative
88737,Rock
47513,Country
66907,Rap
54000,Electronic
46311,Rap
39730,Hip-Hop
66981,Country
25531,Electronic
89181,Electronic
59205,Electronic
88477,Anime
86758,Anime
72690,Electronic
46163,Alternative
27047,Rap
88103,Rock
69372,Electronic
46593,Country
80036,Rap
81542,Blues
76305,Electronic
42552,Alternative
74213,Hip-Hop
64197,Country
55235,Alternative
63198,Alternative
45971,Alternative
24519,Electronic
32045,Rock
46841,Country
87406,Anime
20938,Alternative
77493,Anime
34505,Blues
50255,Blues
68535,Blues
20931,Jazz
20587,Rap
45843,Rock
37484,Country
63707,Alternative
79284,Country
75893,Country
36723,Rock
84934,Alternative
89370,Rap
26734,Anime
60803,Alternative
83778,Alternative
60936,Country
81234,Electronic
74647,Country
87416,Blues
89277,Country
81045,Rap
59083,Blues
50977,Electronic
65227,Country
37274,Electronic
29942,Electronic
28616,Anime
75097,Blues
46138,Classical
87716,Blues
63886,Alternative
75769,Blues
51747,Alternative
75445,Alternative
86036,Electronic
50661,Country
23504,Classical
70673,Anime
88261,Rock
30080,Blues
39922,Rap
86246,Blues
33481,Country
20619,Electronic
56867,Blues
81167,Anime
81583,Jazz
48197,Alternative
51020,Rap
80697,Electronic
39187,Rock
85917,Blues
64378,Country
71151,Alternative
51706,Rap
63264,Country
38148,Anime
37067,Alternative
87309,Electronic
39925,Anime
49476,Alternative
90918,Country
69478,Alternative
77715,Country
76516,Alternative
32208,Rap
77582,Country
62375,Electronic
91527,Blues
21609,Blues
48099,Blues
65251,Rap
27999,Classical
38394,Anime
48916,Blues
34450,Rap
61107,Alternative
20784,Blues
34732,Rock
70106,Alternative
64279,Hip-Hop
36621,Rap
82985,Blues
60526,Alternative
90706,Blues
86153,Classical
72869,Blues
54090,Rap
75324,Alternative
25574,Blues
36304,Electronic
31673,Anime
46208,Classical
91104,Blues
36130,Rap
41959,Rap
39773,Blues
38981,Electronic
88463,Electronic
85431,Blues
49452,Anime
82538,Classical
81449,Blues
82270,Electronic
35273,Country
20063,Anime
45162,Rap
75355,Alternative
54077,Rap
44202,Alternative
83093,Anime
60288,Classical
76033,Electronic
30136,Alternative
58732,Electronic
60742,Electronic
77212,Country
50677,Rap
24565,Anime
88255,Country
21425,Blues
76064,Rap
53539,Jazz
54382,Blues
78603,Rap
69240,Alternative
64236,Blues
23998,Classical
34980,Jazz
49288,Classical
74433,Blues
42189,Rap
84897,Blues
86738,Jazz
27641,Blues
41635,Jazz
84233,Classical
84169,Country
80592,Anime
71577,Anime
37669,Alternative
51597,Rap
32985,Rap
34547,Blues
81756,Electronic
61688,Alternative
43619,Classical
87511,Classical
48774,Rap
60910,Rock
26243,Blues
56892,Rap
75498,Rap
32774,Country
48988,Hip-Hop
44196,Country
74963,Country
68646,Rap
57522,Jazz
88711,Rock
59937,Jazz
57202,Blues
90937,Anime
91193,Classical
71922,Rap
55650,Blues
70516,Blues
22765,Blues
49054,Rock
31985,Electronic
60466,Country
42813,Anime
30417,Alternative
45469,Electronic
41765,Alternative
33504,Rap
88285,Country
39603,Rap
70056,Country
39388,Country
26176,Classical
32389,Blues
31980,Anime
72832,Blues
76955,Anime
62072,Blues
32316,Electronic
86921,Country
59255,Electronic
57649,Jazz
67238,Jazz
29119,Country
53816,Country
80019,Anime
36785,Blues
78259,Country
89764,Blues
48039,Rap
31446,Anime
88175,Electronic
55246,Alternative
52157,Rock
57464,Classical
30733,Classical
59748,Alternative
27309,Country
52251,Jazz
51734,Alternative
90172,Country
33315,Blues
62799,Classical
73737,Electronic
54772,Country
40686,Country
65422,Electronic
60673,Electronic
40477,Electronic
79377,Alternative
26102,Blues
48428,Alternative
83858,Alternative
20046,Anime
49376,Alternative
55039,Alternative
90687,Blues
34408,Blues
63800,Blues
57682,Country
51949,Country
62080,Electronic
53983,Alternative
74652,Rap
31433,Anime
42419,Anime
72895,Rap
53758,Blues
36117,Blues
66746,Electronic
68635,Rap
70758,Blues
22736,Electronic
60930,Country
73517,Electronic
31782,Rock
55312,Classical
39170,Rap
74695,Blues
36777,Alternative
43780,Anime
75944,Alternative
67459,Rap
73801,Anime
33538,Alternative
66232,Rap
45851,Electronic
32236,Country
78371,Country
51069,Electronic
32431,Electronic
48550,Electronic
79484,Alternative
66846,Anime
34590,Rock
63427,Alternative
33301,Blues
70849,Rock
40284,Blues
76200,Rap
26230,Blues
21545,Jazz
86632,Rap
60089,Rock
20174,Blues
43442,Rap
65359,Blues
58376,Blues
32960,Anime
83552,Classical
68774,Alternative
31926,Rap
85850,Electronic
32242,Electronic
74523,Alternative
50188,Rap
52709,Alternative
70325,Blues
75031,Rock
76137,Electronic
58522,Country
82027,Rap
83903,Alternative
62271,Blues
57450,Rock
78994,Jazz
43909,Anime
30097,Rock
55686,Blues
23831,Anime
65220,Rap
85918,Jazz
57303,Electronic
71360,Country
24844,Blues
91345,Rap
76160,Anime
43584,Jazz
54059,Jazz
78523,Alternative
39712,Country
23173,Classical
34240,Classical
22291,Country
86869,Rap
75641,Country
23346,Alternative
77047,Rock
57616,Blues
74993,Alternative
41587,Electronic
21008,Alternative
48453,Rap
22358,Blues
83666,Electronic
23101,Electronic
88750,Alternative
55614,Blues
45080,Blues
43768,Hip-Hop
50581,Blues
45356,Jazz
35917,Hip-Hop
59672,Classical
20418,Blues
38661,Alternative
62100,Rap
62802,Rap
20320,Blues
25220,Blues
49250,Hip-Hop
87448,Blues
27349,Jazz
48259,Electronic
44321,Blues
37518,Blues
45982,Rap
40393,Anime
83287,Electronic
91677,Anime
35635,Rap
38614,Alternative
64397,Classical
46126,Country
60059,Blues
84023,Electronic
27840,Electronic
52114,Rap
58718,Country
88037,Rock
71768,Blues
33135,Country
24939,Rap
87662,Rap
24842,Rock
32902,Rap
84225,Alternative
27723,Anime
51252,Rap
49854,Rap
51528,Country
23156,Anime
31779,Country
66429,Classical
67890,Alternative
63632,Blues
23518,Alternative
71748,Rock
81954,Rap
57761,Classical
60403,Blues
49932,Classical
34976,Jazz
41383,Rock
72167,Blues
29473,Blues
30694,Electronic
65999,Rock
22872,Rap
49961,Hip-Hop
72610,Country
81239,Anime
47490,Anime
37139,Alternative
52579,Country
26965,Anime
65337,Blues
37847,Rap
67593,Electronic
76528,Country
88166,Rap
23651,Rock
49245,Classical
67252,Blues
61669,Blues
77976,Alternative
23255,Electronic
49922,Country
53534,Blues
64527,Classical
53960,Anime
30658,Alternative
57302,Blues
25661,Electronic
89976,Rock
51240,Anime
81310,Rap
29943,Alternative
73657,Blues
31544,Blues
84972,Alternative
53461,Electronic
64767,Classical
46904,Jazz
52280,Blues
68240,Alternative
22266,Jazz
25765,Blues
77686,Classical
91569,Rap
66704,Anime
65270,Electronic
76604,Jazz
47577,Alternative
87311,Country
27070,Blues
48793,Alternative
87853,Electronic
58324,Classical
85010,Rock
38771,Alternative
23706,Blues
69287,Jazz
79139,Blues
81566,Rap
84744,Rap
84870,Blues
56903,Rap
31722,Classical
45600,Rap
54606,Electronic
40209,Blues
73823,Blues
74571,Anime
33019,Country
29348,Rap
35043,Country
30086,Classical
73229,Country
49559,Country
81469,Rap
26435,Electronic
74150,Alternative
47076,Anime
59955,Rap
53156,Country
88313,Alternative
58814,Classical
52731,Country
41863,Alternative
73776,Blues
56583,Blues
29653,Rock
27580,Rap
51010,Country
72491,Rap
87495,Country
44304,Alternative
67276,Blues
46781,Classical
64054,Classical
84459,Rap
53061,Electronic
23484,Alternative
36122,Rap
46287,Jazz
33247,Blues
90592,Jazz
67542,Rock
24432,Blues
73104,Classical
56045,Blues
57420,Electronic
80926,Blues
82554,Electronic
79028,Classical
84840,Hip-Hop
51323,Blues
49998,Alternative
78118,Country
69848,Rap
88690,Country
32843,Rap
74018,Classical
57555,Rock
23673,Alternative
37520,Country
22236,Rap
63217,Rap
30664,Rap
87108,Electronic
79353,Alternative
42888,Classical
45192,Rap
25754,Blues
87241,Classical
29524,Blues
82547,Electronic
90315,Rap
67111,Rap
74792,Anime
44433,Country
39312,Electronic
86752,Blues
23485,Alternative
69502,Jazz
28761,Jazz
58163,Country
32043,Blues
33721,Hip-Hop
31770,Alternative
29685,Rock
90247,Anime
40372,Blues
53275,Electronic
85078,Blues
37269,Anime
74532,Rock
26366,Jazz
22158,Alternative
21794,Alternative
55632,Country
60659,Blues
76749,Alternative
34370,Electronic
65429,Rap
49098,Jazz
81155,Rap
50933,Rock
70700,Blues
55113,Rock
43635,Jazz
68322,Electronic
24234,Electronic
37507,Hip-Hop
27547,Rap
48217,Rap
54252,Blues
56408,Electronic
35782,Rock
88239,Electronic
83304,Classical
46394,Blues
54454,Alternative
20676,Anime
37089,Hip-Hop
89219,Country
57933,Electronic
22135,Electronic
34902,Country
60016,Alternative
74766,Blues
47348,Rap
56803,Country
61738,Rap
21003,Classical
41180,Country
90984,Country
27170,Country
43374,Hip-Hop
62777,Electronic
64216,Blues
24114,Alternative
34156,Rap
40347,Blues
49913,Country
46434,Rap
53066,Country
56423,Rap
53653,Rap
24883,Country
89554,Blues
65967,Electronic
66614,Electronic
78132,Blues
46437,Anime
61482,Classical
53142,Rap
82463,Jazz
39386,Country
40169,Electronic
38074,Country
45281,Alternative
54873,Country
53531,Country
40110,Classical
40174,Country
38116,Country
23972,Blues
67050,Alternative
73544,Jazz
71460,Country
58035,Classical
53568,Alternative
27319,Classical
41508,Electronic
42934,Anime
35487,Jazz
48977,Blues
73300,Country
66060,Blues
64628,Rap
78613,Rap
58843,Blues
71611,Blues
24597,Jazz
59776,Blues
71780,Blues
70031,Rock
61892,Rap
59982,Rap
20265,Electronic
48006,Alternative
41194,Blues
60640,Classical
88272,Country
37217,Anime
49694,Rock
28822,Classical
91064,Blues
25911,Blues
21924,Blues
29296,Rap
40395,Rap
43197,Rap
67195,Electronic
53104,Electronic
49862,Electronic
22069,Country
65076,Country
38955,Rap
68338,Country
49396,Electronic
51469,Blues
52716,Blues
56268,Blues
24143,Rap
37807,Electronic
84442,Jazz
28695,Country
58786,Country
71068,Hip-Hop
20528,Anime
29157,Anime
65962,Classical
39107,Electronic
39649,Electronic
87913,Rap
83131,Rap
77824,Blues
74708,Rap
21238,Country
60166,Country
27773,Classical
88047,Alternative
77238,Classical
69097,Blues
88817,Blues
44965,Rock
85310,Anime
41905,Alternative
68709,Rap
56695,Electronic
76391,Electronic
86076,Rap
23283,Rap
86649,Electronic
67707,Rap
83902,Classical
29535,Electronic
59238,Blues
36277,Blues
81219,Rap
53408,Rock
42487,Anime
27762,Classical
55470,Rap
38695,Alternative
86422,Rap
86520,Blues
82696,Blues
42947,Blues
72726,Country
58734,Anime
24001,Electronic
76819,Rap
67349,Electronic
84139,Country
22499,Alternative
39965,Blues
26177,Alternative
78715,Jazz
73135,Electronic
29573,Blues
82048,Rap
77511,Electronic
42421,Anime
30592,Alternative
60193,Country
48554,Country
36913,Jazz
27637,Blues
91632,Rock
88879,Rock
31538,Alternative
74021,Rap
24142,Country
40907,Electronic
25333,Rap
26021,Rock
48815,Rap
24366,Anime
80764,Blues
37492,Rap
63000,Classical
89716,Rap
23175,Country
20275,Alternative
51253,Alternative
43052,Alternative
50395,Electronic
66235,Blues
81684,Alternative
89652,Country
25521,Anime
75775,Electronic
56587,Rap
86281,Electronic
55996,Anime
87110,Classical
65893,Electronic
56886,Alternative
45556,Blues
34141,Hip-Hop
31963,Electronic
68212,Alternative
20624,Blues
82456,Country
82891,Rock
50086,Blues
88093,Blues
33896,Anime
46256,Classical
67093,Country
59347,Rock
52840,Rap
76025,Country
76499,Rock
66894,Blues
40794,Electronic
53098,Blues
51897,Electronic
34917,Blues
68600,Anime
73783,Blues
68758,Classical
50725,Blues
23584,Anime
28533,Anime
89916,Rap
83816,Blues
73939,Rap
86954,Alternative
33098,Rap
36957,Electronic
59203,Blues
55119,Rock
38233,Rap
31303,Blues
70354,Electronic
85042,Rap
31242,Rap
82718,Jazz
50598,Rap
42870,Electronic
38078,Blues
48881,Classical
32024,Alternative
47415,Country
37730,Rap
36921,Electronic
76915,Blues
57139,Rock
21974,Country
61602,Rap
87266,Rap
91578,Rock
70967,Hip-Hop
71812,Rock
56132,Electronic
44781,Blues
81985,Rock
49506,Alternative
81606,Alternative
51096,Anime
89253,Country
57088,Classical
74511,Alternative
23198,Rap
64506,Anime
58722,Rap
44106,Country
83035,Alternative
68494,Blues
22431,Jazz
69369,Anime
36680,Rap
37517,Rap
32244,Anime
70514,Classical
78324,Anime
47521,Blues
28273,Country
83948,Country
68100,Country
50484,Jazz
77619,Blues
40511,Country
68921,Rap
41945,Alternative
55244,Hip-Hop
44111,Jazz
22994,Rap
53711,Alternative
20473,Alternative
71419,Electronic
30352,Country
42803,Rap
24072,Rap
42329,Blues
34582,Hip-Hop
58965,Rap
75206,Alternative
46946,Rock
25919,Rap
88421,Blues
57431,Rock
27720,Electronic
80647,Country
89681,Blues
51916,Rap
87908,Alternative
30859,Electronic
87573,Country
72969,Alternative
24194,Rap
68428,Rap
36501,Blues
63037,Classical
34922,Blues
54586,Alternative
30449,Rock
29544,Rap
75887,Electronic
56002,Alternative
48904,Alternative
83066,Rap
23612,Alternative
62015,Rap
80705,Alternative
81052,Rap
39477,Electronic
74029,Electronic
56978,Classical
71954,Country
69971,Country
65581,Electronic
44653,Alternative
64846,Blues
44933,Anime
33769,Blues
26726,Anime
81633,Jazz
69689,Anime
60663,Anime
64109,Country
85721,Anime
65187,Rap
84436,Blues
69959,Blues
40740,Classical
65959,Anime
77108,Classical
79394,Electronic
35141,Electronic
29835,Country
44010,Anime
56635,Classical
90145,Anime
70227,Blues
71232,Rock
58021,Electronic
58913,Electronic
64890,Rap
36541,Country
69839,Electronic
36933,Rap
60324,Electronic
29320,Country
40332,Country
88355,Blues
83085,Rock
56076,Rap
40595,Rock
86139,Alternative
26438,Blues
34852,Rock
80841,Rap
90683,Blues
60390,Blues
80464,Classical
54325,Classical
22936,Rap
80767,Alternative
84186,Blues
32077,Classical
48949,Electronic
80580,Rock
56550,Country
78512,Country
55937,Rap
23327,Rap
78356,Country
90942,Alternative
81342,Blues
62745,Classical
85455,Anime
72602,Jazz
53100,Anime
64711,Rock
56419,Electronic
84049,Anime
52632,Rap
33415,Rock
35376,Electronic
75722,Rap
55642,Electronic
22262,Blues
30848,Country
58098,Country
67153,Rap
47033,Alternative
42034,Rap
63179,Rap
52343,Blues
46118,Blues
73395,Alternative
56125,Anime
50015,Electronic
55704,Anime
20241,Alternative
25098,Alternative
91676,Electronic
49556,Electronic
54874,Jazz
42665,Electronic
59925,Classical
73734,Country
66346,Electronic
31075,Blues
61771,Alternative
85763,Anime
47109,Country
61495,Alternative
33293,Hip-Hop
31801,Alternative
78423,Rap
64427,Electronic
46851,Country
23233,Country
24466,Electronic
69195,Alternative
66588,Electronic
43488,Anime
50651,Electronic
71893,Alternative
42846,Anime
86287,Alternative
73683,Rap
89536,Alternative
36855,Rap
33240,Blues
68314,Rap
35705,Classical
91672,Alternative
75902,Blues
63924,Alternative
91136,Electronic
51578,Country
31804,Anime
52573,Electronic
75864,Jazz
22034,Rap
42639,Rap
48583,Rap
35483,Country
35632,Classical
52031,Blues
87952,Alternative
82808,Alternative
69390,Alternative
78999,Electronic
83389,Anime
74104,Country
41249,Electronic
89922,Country
74596,Electronic
35909,Alternative
23853,Rap
69032,Hip-Hop
41817,Country
48778,Blues
68422,Blues
50565,Alternative
55605,Rap
29469,Rap
48125,Alternative
63223,Electronic
81700,Alternative
35612,Electronic
48312,Electronic
20416,Classical
37533,Classical
25117,Anime
27234,Country
24391,Anime
72707,Hip-Hop
22697,Alternative
56983,Alternative
24799,Alternative
60582,Jazz
74776,Country
61061,Electronic
52478,Jazz
27545,Country
57525,Anime
90910,Rap
21486,Classical
79507,Blues
90593,Rock
49682,Electronic
78202,Alternative
83279,Blues
25721,Anime
40700,Electronic
58603,Alternative
33961,Country
38346,Rap
85589,Electronic
50792,Blues
29803,Rap
91412,Classical
68103,Classical
33530,Alternative
25469,Blues
62616,Electronic
53290,Country
76727,Blues
76881,Blues
91049,Jazz
50428,Electronic
80099,Rap
29115,Electronic
55743,Blues
44045,Rock
49698,Rap
66318,Alternative
83270,Hip-Hop
34088,Anime
39222,Blues
53412,Classical
60512,Blues
42399,Blues
32616,Electronic
91488,Electronic
50449,Rock
77966,Electronic
88695,Country
26355,Blues
78599,Blues
62316,Electronic
28843,Hip-Hop
71375,Blues
46867,Country
79622,Electronic
84681,Alternative
22731,Country
26289,Alternative
52642,Rap
73313,Electronic
72417,Hip-Hop
75671,Classical
89501,Alternative
40058,Alternative
87535,Anime
48166,Blues
32018,Electronic
77798,Alternative
28691,Blues
47114,Country
83637,Anime
35692,Jazz
38993,Rap
39197,Alternative
68879,Rock
34180,Alternative
83437,Country
71410,Anime
32954,Country
85906,Rap
47579,Classical
55291,Alternative
49779,Electronic
31395,Alternative
46894,Electronic
82268,Blues
66952,Alternative
44443,Alternative
24037,Country
77455,Blues
63170,Anime
58698,Rap
21834,Alternative
76191,Alternative
50210,Alternative
81941,Rock
67547,Blues
26757,Rap
39514,Hip-Hop
83008,Anime
50613,Rap
34924,Alternative
54490,Alternative
65388,Rock
66830,Alternative
72593,Blues
35235,Classical
91279,Classical
69692,Blues
76571,Blues
53822,Electronic
82133,Rap
77350,Blues
22284,Electronic
87983,Anime
75466,Hip-Hop
30767,Rap
51816,Blues
60344,Country
34697,Country
50532,Country
26255,Rap
67924,Rap
79778,Electronic
47986,Blues
